Labor|Soma|Ekos|Via|Motor|Anima|Dev
(Iguana&Lift).Roll.MedialSole|Leg||Medial|||
Abduction|Thumb||Palmar|||
Abduction|Thumb||Radial|||
Absorb|Arm|Plast|Jug,Extension,Posterior|||
Absorb|Arm||Down|||
Absorb|Arm||Flexion,Down|||
Absorb|Arm||Up|||
Absorb|Arm|||||
Absorb|Arm<>|Plast|Jug,Extension|||
Absorb|Body|Plast,Volume|Down|Gravity||
Absorb|Body||Anterior|||
Absorb|Body||Down|||
Absorb|Body||Lateral&Anterior|||
Absorb|Body||Lateral&Posterior|||
Absorb|Body||Posterior|||
Absorb|Body||Rotate|||
Absorb|Body||Twist|||
Absorb|Body||Up|||
Absorb|Body|||||
Absorb|Head||Down|||
Absorb|Head||Up|||
Absorb|Head|||||
Absorb|Leg|Plast|Anterior&Down|||
Absorb|Leg|Plast|Down|Gravity||
Absorb|Leg||Arc|||
Absorb|Leg||Tangent|||
Absorb|Leg|||||
Absorb|Leg.Knee||Up|||
Absorb|||Down|Gravity||
Absorb||||||
Absorb.Ama|Arm||Abduction|||
Absorb.Ama|Arm||Above|||
Absorb.Ama|Arm||Anterior|||
Absorb.Ama|Arm||Arc|||
Absorb.Ama|Arm||Below|||
Absorb.Ama|Arm||Cross|||
Absorb.Ama|Arm||CrossArm|||
Absorb.Ama|Arm||CrossArmAbove|||
Absorb.Ama|Arm||CrossArmAboveAnterior|||
Absorb.Ama|Arm||CrossArmAbovePosterior|||
Absorb.Ama|Arm||CrossLeg|||
Absorb.Ama|Arm||CrossMidline|||
Absorb.Ama|Arm||Distal|||
Absorb.Ama|Arm||Down|||
Absorb.Ama|Arm||Lateral|||
Absorb.Ama|Arm||Medial|||
Absorb.Ama|Arm||Posterior|||
Absorb.Ama|Arm||Radial|||
Absorb.Ama|Arm||Up|||
Absorb.AnteriorSole|Leg|||Gravity||
Absorb.AnteriorSole|Leg|||||
Absorb.AnteriorSole|Leg.Ankle||Down|Gravity||
Absorb.Ateles|Arm|Plast|Down|||
Absorb.Ateles|Arm|Plast|Down&Flexion|||
Absorb.Ateles|Arm||Down|||
Absorb.Ateles|Arm||Down&To.Klimon|||
Absorb.Ateles|Arm||Posterior|||
Absorb.Ateles|Arm|||||
Absorb.Ateles|Arm<>|Plast|Jug|||
Absorb.Ateles|Arm<>||AwayFrom.Klimon|||
Absorb.Ateles|Arm<>||Down|||
Absorb.Bonobo|||Down|||
Absorb.Bonobo|||Lateral|||
Absorb.FingerHook|Arm|Plast|Down|Gravity||
Absorb.Iguana|Leg|Plast|Down,Lateral|||
Absorb.Iguana|Leg|Plast|Lateral|||
Absorb.Iguana|Leg||Down|||
Absorb.Iguana|Leg||Medial|||
Absorb.Iguana.|Leg||Down|||
Absorb.Iguana.AnteriorSole|Leg||Anterior|||
Absorb.Iguana.AnteriorSole|Leg||Down&To.Klimon|Gravity||
Absorb.Iguana.MedialSole|Leg|Plast|Down|Gravity||
Absorb.Iguana.MedialSole|Leg|Plast|Down|||
Absorb.Iguana.MedialSole|Leg||Down|||
Absorb.LateralSole|Leg|Plast|Down|||
Absorb.MedialSole|Leg|Plast|Down|Gravity||
Absorb.MedialSole|Leg|Plast|Down|||
Absorb.Onda|Arm||Flexion(90),ToPosterior|||
Absorb.Onda|Arm||Up|||
Absorb.Onda|Arm||[To.Klimon&ExternalRotation&Up]|||
Absorb.Onda|Leg|Air|AwayFrom.Klimon|||
Absorb.Onda|Leg|Air|Posterior|||
Absorb.Onda|||Back|||
Absorb.Onda|||Twist|||
Absorb.Onda||||||
Absorb.Redirect||||||
Absorb.Roll.MedialSole|Leg|Plast|Down|Gravity||
Absorb.ToesSole|Leg|Plast|Down|Gravity||
Absorb.Twist|||Down|||
Absorb.Twist|||Up|||
Absorb.Twist||||||
Absorb.Whip|Leg||Down|||
Absorb.Whip|Leg||Into.Klimon|||
Absorb.Whip|Leg||Over|||
Absorb.Whip|Leg|||||
Air|Foot|||||
Air|Hand|||||
Air|Leg|||||
Aktion.Abort||||||
Ama|Arm|HorizontalCornerKlimon|Anterior|||
Ama|Arm|Panel|Posterior|||
Ama|Arm|Panel||||
Ama|Arm||Abduction|||
Ama|Arm||Above|||
Ama|Arm||Anterior|||
Ama|Arm||Arc|||
Ama|Arm||Below|||
Ama|Arm||Cross|||
Ama|Arm||CrossArm|||
Ama|Arm||CrossArmAbove|||
Ama|Arm||CrossArmAboveAnterior|||
Ama|Arm||CrossArmAbovePosterior|||
Ama|Arm||CrossLeg|||
Ama|Arm||CrossMidline|||
Ama|Arm||Distal|||
Ama|Arm||Down|||
Ama|Arm||Lateral|||
Ama|Arm||Medial|||
Ama|Arm||Posterior|||
Ama|Arm||Radial|||
Ama|Arm||Up|||
Ama|Arm|||||
Ama|Leg|Plast|Anterior|||
Ama|Leg||Anterior|||
Ama|Leg||Anterior&Cross|||
Ama|Leg||Arc|||
Ama|Leg||Cross|||
Ama|Leg||CrossArm|||
Ama|Leg||CrossLeg|||
Ama|Leg||CrossMidline|||
Ama|Leg||Distal|||
Ama|Leg||Down|||
Ama|Leg||Lateral|||
Ama|Leg||Medial|||
Ama|Leg||Posterior|||
Ama|Leg||Posterior&Cross|||
Ama|Leg||Radial|||
Ama|Leg|||||
Ama|||Up|||
Ama||||||
Ama.Gekko|Arm|||||
Ama.Kryos|Arm||Abduction|||
Ama.Kryos|Arm||Above|||
Ama.Kryos|Arm||Anterior|||
Ama.Kryos|Arm||Arc|||
Ama.Kryos|Arm||Below|||
Ama.Kryos|Arm||Cross|||
Ama.Kryos|Arm||CrossArm|||
Ama.Kryos|Arm||CrossArmAbove|||
Ama.Kryos|Arm||CrossArmAboveAnterior|||
Ama.Kryos|Arm||CrossArmAbovePosterior|||
Ama.Kryos|Arm||CrossLeg|||
Ama.Kryos|Arm||CrossMidline|||
Ama.Kryos|Arm||Distal|||
Ama.Kryos|Arm||Down|||
Ama.Kryos|Arm||Lateral|||
Ama.Kryos|Arm||Medial|||
Ama.Kryos|Arm||Posterior|||
Ama.Kryos|Arm||Radial|||
Ama.Kryos|Arm||Up|||
Ama.LateralRand|Leg|||||
Ama.LateralSole|Leg|||||InsideFlag
Ama.MedialRand|Leg|||||
Ama.Ursus|Arm||Down|||
Ama.Ursus|Arm||Down,Extension|||
Amble|Leg||Posterior&Down|||
Amble|Leg<>|Volume|Up|||
Amble||Panel|Down|||
Amble.AnteriorSole|Leg<>|Panel|Down|||
Arch|Arm|||||
Arch|Body||Anterior|||
Arch|Body|||||
Arch|Leg|||||
Arch||||||
Ateles|1Finger|||||
Ateles|2Finger|||||
Ateles|3Finger|||||
Ateles|4Finger|||||
Ateles|Arm<>|||||Ateles implies Arm, so you only need to glyf SOMA when both arms are Ateles
Ateles||Klimon|Horizontal|||
Ateles||Klimon|VerticalCorner|||
Ateles||Plast||||
Ateles||Sloper||||
Ateles||Volume||||
Ateles|||Jug|||
Ateles||||||
Ateles.Krimp||||||
Ballista||||ProjectileMotion||
Ballista||||ProjectileMotion,Dynamic||
Bend|Spine||Anterior|||
Bolt||||||
Bolt.Insert|||Down|||
Bolt.Insert|||Up|||
Bolt.Insert||||||
Bolt.Remove|||Down|||
Bolt.Remove|||Up|||
Bolt.Remove||||||
Bolt.Screw|||Clockwise,Down|||
Bolt.Screw|||Clockwise,Up|||
Bolt.Screw|||Counterclockwise,Down|||
Bolt.Screw|||Counterclockwise,Up|||
Bolt.Test||||||
Brachiation|||180|||
Brachiation|||Anterior|||(Anterior ?= Forwards)
Brachiation|||Lateral|||
Brachiation|||Posterior|||
Brachiation||||||
Brachiation.180||||Dynamic||
Brachiation.180||||Static||
Brachiation.180.Match||||||
Brachiation.Redirect||||||
Brachiation.Ricochet||||||
Brush||||Dynamic||
Brush||||Static||
Brush||||||
Brush(Chalk)|Hand<>|Plast||Pressure||
Brush(Lichen)|Hand<>|Plast||Pressure||
Brush(Sediment)|Hand<>|Rock||Pressure||
Buckle|Arm|||||
Buckle|Finger|||||
Buckle|Leg|||||
Buckle||||||
Bump|Arm|Klimon|Corner.Horizontal,Down|||
Bump|Arm|Klimon|Prokline,In|||
Bump|Arm|Klimon|Rekline,In|||
Bump|Arm|Klimon|VerticalCorner(270)|||
Bump|Arm|Plast|Up|||
Bump|Arm||Lateral|||
Bump|Arm||Medial|||
Bump|Arm||Out|||
Bump|Arm||Up|||
Bump|Arm|||Dynamic||
Bump|Arm|||Static||
Bump|Arm|||||Make room for another Kontakt
Bump|Arm|||||
Bump|Arm<>|Panel|VerticalCorner(270)|||
Bump|Arm<>|||||
Bump|Leg||Down|||
Bump|Leg||In|||
Bump|Leg||Lateral|||
Bump|Leg||Medial|||
Bump|Leg||Out|||
Bump|Leg||Up|||
Bump|Leg|||Dynamic||
Bump|Leg|||Static||
Bump|Leg|||||Make room for another Kontakt
Bump|Leg|||||
Bump||||Dynamic||
Bump||||Static||
Bump||||||
Bump.Ateles|Arm|||||
Bump.Match|Arm<>|Plast|Jug,Up|||
Cam|Heel,Toe|||||
Catch|Arm||Above.Shoulder|||
Catch|Arm|||Compression||
Catch|Arm|||||
Catch|Foot|||||
Catch|Hand|||||
Catch|Leg|||Compression||
Catch|Leg|||||
Catch|Toe|||||
Catch|||||Blind|
Catch||||||
Catch.Absorb.Onda.Redirect|Leg<>|Air||||
Chalk||||Dynamic||
Chalk||||Static||
Chalk||||||
Chalk.Blow||||||
Chalk.On||||||
Chalk.TicMark||||||
ChalkBag||||||
ChalkBag.Enklose||||||
ChalkBag.Open||||||
Clamp||||||
Climb|||Down|||
Clip(Rope)||||||
Clipping|Arm||Extension|Dynamic||
Clipping|Arm||Extension|Static||
Clipping||||Dynamic||
Clipping||||Static||
Clipping||||||
Clothes.Knot||||||
Clothing.Knot||||||
Compression|Arm|||||
Compression||||Dynamic||
Compression||||Static||
Compression||||||
ConcentricContraction|Finger||Extension|||
ConcentricContraction|Finger||Flexion|||
ConcentricContraction|Leg||Extension|||
ConcentricContraction|Leg||Flexion|||
ConcentricContraction|Spine||Extension|||
Crimp,Pinza||||||
Crimp.Nudge|4Finger|Plast|Site|||
Crimp.Wrap|Thumb|||||
Deadpoint|||Down|||
Deadpoint|||Up|||
Deflection|||Down|||
Deflection|||Up|||
Dismount.Amble|Leg<>||Posterior|||
Double.Progress|Arm&Leg|Plast||Synkrony||
DoubleProgress|Arm&Leg|Plast|Down|Synkrony||
DoubleProgress|Arm&Leg||Up|||
DoubleProgress.Tandem|[Arm,Leg]||Down|||
DoubleProgress.Tandem|[Arm,Leg]|||||
DoubleProgress.Tandem|[Leg,Arm]||Up|||
DoubleProgress.Tandem|[Leg,Leg]|Plast|Down|||
Drag|Arm|||||
Drag|Leg|||||
Driver||||||
Driver.Button.Press|Finger|||||
Driver.Button.Press|Thumb|||||
Driver.Holster||||||
Driver.Load(Bolt)||||||
Driver.Load(Screw)||||||
Driver.Unholster||||||
Driver.Unload(Bolt)||||||
Driver.Unload(Screw)||||||
Drop|Arm|||||
Drop|Body||Down|||
Drop|Body|||||
Drop|Leg|||||
Dyno|||180|||
Dyno|||90|||
Dyno|||Down|||
Dyno|||Lateral|Deadpoint||
Dyno|||Lateral|Dynamic||
Dyno|||Lateral|||
Dyno|||Up|Deadpoint||
Dyno|||Up|Dynamic||
Dyno|||Up|||
Dyno.Absorb|Arm|Plast|Jug,Extension,Posterior|||
Dyno.Absorb|Arm||Down|||
Dyno.Absorb|Arm||Flexion,Down|||
Dyno.Absorb|Arm||Up|||
Dyno.Absorb|Arm|||||
Dyno.Absorb|Arm<>|Plast|Jug,Extension|||
Dyno.Absorb|Body|Plast,Volume|Down|Gravity||
Dyno.Absorb|Body||Anterior|||
Dyno.Absorb|Body||Down|||
Dyno.Absorb|Body||Lateral&Anterior|||
Dyno.Absorb|Body||Lateral&Posterior|||
Dyno.Absorb|Body||Posterior|||
Dyno.Absorb|Body||Rotate|||
Dyno.Absorb|Body||Twist|||
Dyno.Absorb|Body||Up|||
Dyno.Absorb|Body|||||
Dyno.Redirect||||||
Dyno.Redirect.Absorb|Arm||Down|||
Dyno.Redirect.Absorb|Arm<>||Down|||
Dyno.Redirect.Absorb.Onda|Arm|||||
Dyno.Redirect.Absorb.Onda|Arm<>|||||
Dyno.Redirect.Absorb.Onda|Leg|||||
Dyno.Redirect.Absorb.Onda|Leg<>|||||
Dyno.Redirect.Onda|Arm|||||
Dyno.Redirect.Onda|Arm<>|||||
Dyno.Redirect.Onda|Leg|||||
Dyno.Redirect.Onda|Leg<>|||||
Dyno.Redirect.Pendulate|Arm|||||
Dyno.Redirect.Pendulate|Arm<>|||||
Dyno.Redirect.Pendulate|Leg|||||
Dyno.Redirect.Pendulate|Leg<>|||||
EccentricContraction|Leg||Extension|||
EccentricContraction|Leg||Flexion|||
EccentricContraction|Spine||Extension|||
Error|AnteriorDeltoid|||||
Error|Arm|||||
Error|Bicep|||||
Error|Cheek|||||
Error|Chin|||||
Error|Deltoid|||||
Error|Elbow|||||
Error|Finger|||||
Error|Fingertip|||||
Error|Forearm|||||
Error|Gastrocnemius|||||
Error|Hamstrings|||||
Error|Hand.Dorsal|||||
Error|Hand.Palm|||||
Error|Head|||||
Error|Hypothenar|||||
Error|InnerThigh|||||
Error|Knee|||||
Error|LatissimusDorsi|||||
Error|Leg|||||
Error|MedialDeltoid|||||
Error|Neck|||||
Error|ObliquusExternus|||||
Error|Pectoral|||||
Error|PosteriorDeltoid|||||
Error|Quadriceps|||||
Error|RectusAbdominis|||||
Error|Scapula|||||
Error|Shoulder||Rotation.Medial&Protraction|||
Error|Shoulder|||||
Error|Thenar|||||
Error|Thigh|||||
Error|Tricep|||||
Error|UpperTrapezius|||||
Error|Wrist|||||
Error|||Hyper|Acceleration||
Error|||Hyper|Dynamic||
Error|||Hyper|Energy||
Error|||Hyper|Momentum||
Error|||Hyper|Velocity||
Error|||Hyper(Displacement)|||
Error|||Hyper(Distance)|||
Error|||Hypo|Acceleration||
Error|||Hypo|Energy||
Error|||Hypo|Momentum||
Error|||Hypo|Velocity||
Error|||Hypo(Displacement)|||
Error|||||Hesitation|
Error,Absorb|||Hypo(Distance)|||
Error,ChickenWing|Fatigue|||||
Error,Fall||||||
Error,Fall.Ama|Arm|||||
Error,Fall.Ama|Leg|||||
Error,Gibbon.Charging|||Hypo(Distance)|||
Error,Lemur.Charging|||Hypo(Distance)|||
Error,Progress|Arm||Hyper|Dynamic||
Error,Progress|Arm||Hyper|Static||
Error,Progress|Arm||Hypo|Dynamic||
Error,Progress|Arm||Hypo|Static||
Error,Progress|Leg||Hyper|Dynamic||
Error,Progress|Leg||Hyper|Static||
Error,Progress|Leg||Hypo|Dynamic||
Error,Progress|Leg||Hypo|Static||
Error,Progress|||Hyper|Dynamic||
Error,Progress|||Hyper|Static||
Error,Progress|||Hypo|Dynamic||
Error,Progress|||Hypo|Static||
Error,Rope.Wrap|Leg|||||Tangle
Error,Slip|Foot|WetSite||Friction||
Error,Slip|Foot|||Friction||
Error,Slip|Hand|WetSite||Friction||
Error,Slip|Hand|||Friction||
Error,Slip||||||
Etrier.Ateles||||||
Eval|Arm|||||
Eval|Leg|||||
Expand|Arm||ExternalRotation|||
Expansion||||Dynamic||
Expansion||||Static||
Extension|Thumb|||||
Fall|||Twist|||
Fall||||Gravity|Controlled|
Fall||||Gravity|Uncontrolled|
Figure4.Pongo.Ateles|Leg(Arm)|||||
Figure4.Pongo.Pinza|Leg(Arm)|||||
Figure4.Wrap|Leg(Arm)|||||
Figure9.Piolet||||||
Figure9.Wrap|Leg(Arm)|||||
Finish.Match.Ateles||Plast||||
Finish.Progress|Arm|Plast|Up|||
Foka|||Anterior|||
Foka|||Lateral|||
Foka|||Posterior|||
GearLoop.Clip||||||
GearLoop.Unclip||||||
GriGri.Ateles||||||
GriGri.Bonobo||||||
GriGri.Transport||||||
Grip|2Finger|||||
Grip|3Finger|||||
Grip|4Finger|||||
Grip|||Jug|||
Hammer|||Down|||
Hammer|||In|||
Hammer|||Lateral|||
Hammer|||Medial|||
Hammer|||Up|||
Hammer||||||
Hammer.Holster||||||
Hammer.Modify|||Up|||Choke up on the handle for finer Aktion control
Hammer.Modify|||Up|||
Hammer.Transport||||||
HammerHit||||||
Hang|Arm|||||
Hang|Leg|||||
Hanger.Clip||||||
HangingFootTransfer||||Dynamic||
HangingFootTransfer||||Static||
Harness||||||
Harness.Modify||||||
Harness.Off||||||
Harness.On||||||
"Helix(""Bring elbow down in an arc, like a screw. AdductionArm"")"|Arm|||||
Helmet||||Impakt||
Helmet.Clip||||||
Helmet.Loosen||||||
Helmet.Modify||||||
Helmet.On||||||
Helmet.Remove||||||
Helmet.Tighten||||||
Hook|Arm|||||
Hook|Elbow|||||
Hook|Finger|||||
Hook|Heel||AboveHead|||
Hook|Heel||Below|||
Hook|Heel||Horizontal|||
Hook|Heel||Lateral|||
Hook|Heel||Medial|||
Hook|Heel||Vertical|||
Hook|Heel<>||AboveHead|||
Hook|Heel<>||Below|||
Hook|Heel<>||Horizontal|||
Hook|Heel<>||Lateral|||
Hook|Heel<>||Medial|||
Hook|Heel<>||Vertical|||
Hook|Knee|||||
Hook|Leg|||||
Hook|Shoulder|||||
Hook|Toe|||||
Hook|Wrist|||||
Hook||||||
Hook,Push|Heel||Horizontal,To.Klimon|||
Hook.Kryos|Arm|||||
Hook.Kryos|Elbow|||||
Hook.Kryos|Finger|||||
Hook.Kryos|Heel||Horizontal|||
Hook.Kryos|Heel||Vertical|||
Hook.Kryos|Heel|||||
Hook.Kryos|Knee|||||
Hook.Kryos|Leg|||||
Hook.Kryos|Shoulder|||||
Hook.Kryos|Toe|||||
Hook.Kryos|Wrist|||||
Hook.Kryos||||||
Hook.Vertical|Heel||Above.Hips|||
Hook.Vertical|Heel||Below.Hips|||
[Hook,Pull]|Heel||HorizontalHook,From.Klimon|||
Hop.MedialSole|Leg|Plast||||
Hug|Arm,Chest|||Compression||
Iguana|Arm|||||
Iguana|Leg|Plast||||
Iguana|Leg||Adduction|||
Iguana|Leg||To.Klimon&Lateral)|||
Iguana|Leg|||||
Iguana|Leg<>|||||
Iguana|||Anterior|||
Iguana|||Down|||"AlsoKnownAs(""Drop Knee"")"
Iguana|||Down|||
Iguana|||Lateral|||
Iguana|||Up|||
Iguana||||Dynamic||
Iguana||||Static||
Iguana||||||(Perpendicular.Klimon&Down == OverhangKlimon)
Iguana.AnteriorSole|Leg|Volume||||
Iguana.AnteriorSole||||||
Iguana.LateralSole|||Down|||
Iguana.LateralSole|||Medial|||"AlsoKnownAs(""Back step"")"
Iguana.MedialSole|Leg|Plast|Down&Lateral|||
Iguana.MedialSole|Leg|Plast|Lateral|||
Iguana.MedialSole|Leg||Lateral|Dynamic||
Iguana.MedialSole|Leg||Lateral|||
Iguana.MedialSole|Leg||Lateral&In,Flexion(>90)|||
Iguana.MedialSole|Leg||Lateral&Up|||
Iguana.Pivot.AnteriorSole|Leg|Volume|To.Lateral)|||
Iguana.Pivot.AnteriorSole|Leg|||||
Iguana.Roll.LateralSole|Leg|Plast|Lateral|||
Iguana.Roll.MedialSole|Leg|Plast|Anterior&ParallelKlimon|||
Iguana.Roll.MedialSole|Leg|Plast|Lateral|||
IsometricContraction|Spine|||||
Jam|Arm|||||
Jam|Body|||||
Jam|Foot|||||
Jam|Hand|||||
Jam|Knee|||||
Jam|Leg|||||
Jam||||Dynamic||
Jam||||Static||
Jam.Slot|Hand|||||
Jam.Slot|Leg|||||
Kangaroo|Leg||Up|||
Karabiner.Clip||||||
Karabiner.Clip.Chain||||||
Karabiner.Clip.Etrier||||||
Karabiner.Clip.GriGri||||||
Karabiner.Clip.Hanger||||||
Karabiner.Clip.Harness||||||
Karabiner.Clip.Karabiner||||||
Karabiner.Clip.Rope||||||
Karabiner.Clip.Sling||||||
Karabiner.Gate.Close||||||
Karabiner.Gate.Open||||||
Karabiner.Slide||||||
Karabiner.Transport||||||
Karabiner.Unclip||||||
Kneebar|Leg|Prokline|Anterior|||
Kneebar|Leg|Prokline|Lateral|||
Kneebar|Leg<>|Prokline|Anterior|||Find a name for Armbar what is the name of this mechanism like a fastening device, they can probably be found from premodern clothing design 
Kneebar|Leg<>|Prokline|Lateral|||
Kneebar|Leg<>||Anterior|||
Kneebar|Leg<>||Lateral|||
Kneebar|||Anterior|||
Kneebar|||Lateral|||
Kneebar.Match|Leg<>||Anterior|||
Kneebar.Match|Leg<>||Lateral|||
Knot.Figure8||||||
Kompress|Arm||InternalRotation|||
Kompress|Arm<>|Arete||||
Kompress|Arm<>|Bulge||||
Kompress|Arm<>|Prokline&Arete||||
Kompress|Arm<>|Prokline&Bulge||||
Kompress|Arm<>|Prow||||
Kompress|Arm<>|Rekline&Arete||||
Kompress|Arm<>|Rekline&Bulge||||
Kompress|Arm<>||Asymmetric|Dynamic||
Kompress|Arm<>||Asymmetric|Static||
Kompress|Arm<>||Asymmetric|||
Kompress|Arm<>||Symmetric|Dynamic||
Kompress|Arm<>||Symmetric|Static||
Kompress|Arm<>||Symmetric|||
Kompress|Arm<>|||||
Kompress|Leg<>||Asymmetric|Dynamic||
Kompress|Leg<>||Asymmetric|Static||
Kompress|Leg<>||Symmetric|Dynamic||
Kompress|Leg<>||Symmetric|Static||
Kompress.Pongo|Arm<>||Above|||
Kompress.Pongo|Arm<>||Anterior|||
Kompress.Pongo|Arm<>||Lateral|||
Kompress.Pongo|Arm<>||Lateral&Anterior|||
Kompress.Toggle|Arm<>|||||
Kompress.Wrap|Arm<>|||||Hug
Kontakt|AnteriorDeltoid|||||
Kontakt|Arm|||||
Kontakt|Bicep|||||
Kontakt|Cheek|||||
Kontakt|Chin|||||
Kontakt|Deltoid|||||
Kontakt|Elbow|||||
Kontakt|Finger|||||
Kontakt|Fingertip|||||
Kontakt|Forearm|||||
Kontakt|Gastrocnemius|||||
Kontakt|Hamstrings|||||
Kontakt|Hand.Dorsal|||||
Kontakt|Hand.Palm|||||
Kontakt|Head|||||
Kontakt|Hypothenar|||||
Kontakt|InnerThigh|||||
Kontakt|Knee|||||
Kontakt|LatissimusDorsi|||||
Kontakt|Leg|||||
Kontakt|Leg.Hip||Extension|||Preventing BarnDoor
Kontakt|MedialDeltoid|||||
Kontakt|Neck|||||
Kontakt|ObliquusExternus|||||
Kontakt|Pectoral|||||
Kontakt|PosteriorDeltoid|||||
Kontakt|Quadriceps|||||
Kontakt|RectusAbdominis|||||
Kontakt|Scapula|||||
Kontakt|Shoulder|||||
Kontakt|Thenar|||||
Kontakt|Thigh|||||
Kontakt|Tricep|||||
Kontakt|UpperTrapezius|||||
Kontakt|Wrist|||||
Kontakt.AnteriorSole|Leg|Plast||||
Kontakt.AnteriorSole||||||
Kontakt.MedialSole|Leg|Plast||||
Kryos|Arm|Plast|Flexion|||
Kryos|Arm|Plast||||
Kryos|Arm||Flexion|||
Kryos|Arm|||||
Kryos|Arm<>||Proximity|||Maintain chest proximity to Klimon
Kryos|Elbow||Neutral|||
Kryos|Foot|||Friction||
Kryos|Foot|||||
Kryos|Hips||Perpendicular.Klimon|||
Kryos|Hips||Perpendicular.Klimon|||
Kryos|Hips&Shoulder||Parallel.Klimon|||
Kryos|Hips&Shoulder||Perpendicular.Klimon|||
Kryos|Leg|Air|||Balance|
Kryos|Leg|Plast|Flexion|||
Kryos|Leg|Plast|Posterior,Extension|||
Kryos|Leg||Extension|||
Kryos|Leg|||||
Kryos|Leg<>|Panel||||
Kryos|Leg<>.Hips|||||
Kryos|Spine||Extension|||
Kryos|Spine||Flexion|||
Kryos|Spine||Neutral|||
Kryos|Tibia||Position|||
Kryos|Tibia|||||
Kryos|Torso||Parallel.Klimon|||
Kryos|Torso||Perpendicular.Klimon|||
Kryos|Torso||Perpendicular.Klimon|||
Kryos|Wrist||Neutral|||
Kryos(Smear)|Chin|||||
Kryos(Smear)|Cranium|||||
Kryos(Smear)|Foot|Klimon|Slab|||
Kryos(Smear)|Foot|Plast|Slab|||
Kryos(Smear)|Foot||Slab|||
Kryos(Smear)|Hand|HorizontalCornerKlimon|Slab|||
Kryos(Smear)|Hand|Klimon|Slab|||
Kryos(Smear)|Hand|Plast|Slab|||
Kryos(Smear)|Hand|VerticalCorner|Slab|||
Kryos(Smear)|Hand|Volume|Slab|||
Kryos(Smear)|Hand|||||
Kryos(Smear)|Head|||||
Kryos(Smear)|Hip|||||
Kryos(Smear)|Leg|||||
Kryos(Smear)||||||
Kryos.AnteriorSole|Leg||Extension|||
Kryos.Ateles|Arm||Flexion|||
Kryos.Kontakt|Leg|Volume||||
Kryos.Pongo.Ateles|Arm|Plast||||
Kryos.Trex.Ateles|Arm|||||
Labor|Soma|Ekos|Via|Motor|Anima|Dev
Lace.Knot||||||
Lache.Absorb|Arm|Plast|Jug,Extension,Posterior|||
Lache.Absorb|Arm||Down|||
Lache.Absorb|Arm||Flexion,Down|||
Lache.Absorb|Arm||Up|||
Lache.Absorb|Arm|||||
Lache.Absorb|Arm<>|Plast|Jug,Extension|||
Lache.Absorb|Body|Plast,Volume|Down|Gravity||
Lache.Absorb|Body||Anterior|||
Lache.Absorb|Body||Down|||
Lache.Absorb|Body||Lateral&Anterior|||
Lache.Absorb|Body||Lateral&Posterior|||
Lache.Absorb|Body||Posterior|||
Lache.Absorb|Body||Rotate|||
Lache.Absorb|Body||Twist|||
Lache.Absorb|Body||Up|||
Lache.Absorb|Body|||||
Land.Absorb||||||
Land.Run||||||
Layback|Arm,Leg|Plast||||
Layback|Arm<>&Leg|Plast,Volume|Out|||
Layback|Body||Perpendicular.Klimon|||
Layback|Torso||Parallel.Klimon|||
Layback|||From.Klimon|||
Lead,Harness.Sit||||||
LeadClimb,Rope||||||
Lean||||Dynamic||
Lean||||Static||
Lemur|||Asymmetric|Dynamic||
Lemur|||Asymmetric|Static||
Lemur|||Posterior|||
Lemur|||Symmetric|Dynamic||
Lemur|||Symmetric|Static||
Lemur|||Up|||
Lever|Arm|||||
Lever|Leg|||||
Lift|Arm|||||
Lift|Leg|Plast|Extension,Up|||
Lift|Leg|Plast||||
Lift|Leg|Volume|Up|||
Lift|Leg||Up|||Lift up to add Tension to Arm
Lift|Leg||Up|||
Lift|Leg|||||
Lift&Pivot.AnteriorSole|Leg|Plast|To.Lateral|||
Lift.AnteriorSole|Leg|Plast||||
Lift.AnteriorSole|Leg|||||
Lift.LateralSole|Foot|Plast||||
Lift.LateralSole|Leg|Plast||||
Lift.LateralSole|Leg||Up|||
Lift.MedialSole|Leg|Plast|Up|||
Lift.MedialSole|Leg||Up|||
Lift.MedialSole|Leg|||||
Lift.MedialSole||Plast||||
Lift.Sole|Leg||Up|||
Lock|Body|||||
Maintain|Hips&Shoulder||Parallel.Klimon|||
Mantle.Iguana|||Up|||
Mantle.Iguana|||Up&Anterior|||
Mantle.RockOver|||Anterior|||
Mantle.RockOver|||Lateral|||
Mantle.Toggle|||Up|||
Match|Arm&Leg||Overhang|||
Match|Arm&Leg||Slab|||
Match|Arm&Leg||Vertical|||
Match|Arm<>|Klimon|VerticalCorner(270)|||
Match|Arm<>|Plast||||
Match|Arm<>||Overhang|||
Match|Arm<>||Slab|||
Match|Arm<>||Vertical|||
Match|Arm<>||||Blind|
Match|Arm<>|||||
Match|Foot|||||
Match|Hand|||||
Match|Hand,Foot,Foot|||||
Match|Hand,Hand,Foot,Foot|||||
Match|HandFoot|||||
Match|Leg<>||Overhang|||
Match|Leg<>||Slab|||
Match|Leg<>||Vertical|||
Match|Leg<>||||Blind|
Match||||Dynamic||
Match||||Static||
Match|||||Blind|
Match.FingerHook|Arm|Plast|Down|||
Match.FingerHook|Arm|Plast|Up|||
Match.FingerHook|Arm|Plast||||
Match.Overlap||||||
Match.Pongo.Ateles|Arm<>|||||
Modify|Arm|||||Modify position of Hand on Site to load Down instead of Medially
Modify|Arm|||||
Modify|Leg|Ground|Medial|||
Modify|Leg|||||
Modify.Bump|Arm|||||
Modify.Step|Leg||Medial|||
MuscleUp|Arm<>||Up|||
Narrow|Leg<>|Plast|Adduction|AngularMomentum||Narrow is a verb. Narrow the stance to shift hips and Leg towards the PlumbLine of Progress.Site 
Nudge|Hip|||||
Nudge||||Dynamic||
Nudge||||Static||
Onda|Arm|Air|Circumduction.Counterclockwise|||
Onda|Arm||Flexion(90),Up|||
Onda|Arm||Forwards|||
Onda|Arm||Lateral||Balance|
Onda|Arm||Posterior|Passive||
Onda|Arm||Rotation,To.Klimon|||
Onda|Arm||Twist|||
Onda|Arm|||Initiation||
Onda|Arm|||||
Onda|Arm<>|Air|Down|||
Onda|Arm<>|||||
Onda|Body|||||
Onda|Leg|Air|Lateral|||
Onda|Leg||Back|||
Onda|Leg||Circumduction|||
Onda|Leg||Forwards|||
Onda|Leg||Twist|||
Onda|Leg|||Initiation||
Onda|Leg|||||
Onda|Leg<>|||||
Onda|||Back|||
Onda|||To.Klimon&Up|||
Onda|||Twist|||
Onda.|Arm|Plast|Up|||
Onda.Helix.Sauros|Body&Arm||FromDown|||
Onda.MedialSole|Leg||ToSite|||
Onda.Redirect||||||
Opposition|Arm&Leg|Panel,Plast|Corner|||
Opposition|Arm<>||Convergence|Compression||
Opposition|Arm<>||Vertical,Expansion|||
Opposition|Leg<>||Rotation|||
Opposition|Thumb|||||
Orbit|Arm|||||
Orbit|Leg|||||
Overlap|Foot|||||
PaddleDyno.Redirect||||||
Pendulate|Arm|Plast|Medial|||
Pendulate|Arm|Plast||||
Pendulate|Arm|||||
Pendulate|Arm<>|Plast|Into.Klimon|||
Pendulate|Leg|||||
Pendulate.Ateles|Arm|Plast|Flexion|||
Pendulate.Ateles|Arm|Plast|ToPosterior|||
Pendulate.Ateles|Arm|Plast|Up|||
Pendulate.FingerHook|Arm<>|Plast|Up,Left|||
Pendulate.Pongo.Ateles|Arm|Panel|VerticalCorner(270)|||
Pendulate.Pongo.Ateles|Arm|||||
PianoSwap||||||
Pinza|Thumb|||||
Pinza||||||
Pinza,Catch||||||
Piton.Remove||||||
Piton.Test||||||
Pivot|Finger|||||
Pivot|Foot|||||
Pivot|Head|||||
Pivot|Heel|||||
Pivot|Hip|||||
Pivot|Knee|||||
Pivot|Leg||Rotation|||
Pivot|Palm|||||
Pivot|Toe|||||
Pivot.AnteriorSole|Leg|Plast|Lateral|||
Pivot.AnteriorSole|Leg|Plast|Medial|||
Pivot.AnteriorSole|Leg||RotateTo.Lateral|||
Pivot.ToesSole|Leg|Plast|Lateral|||
Pivot.ToesSole|Leg|Plast|Medial|||
Pivot.ToesSole|Leg|Plast||||
Pivot[MedialSole,AnteriorSole]|Leg|Plast||||
Plant.Knot||||||
PoleClimb|Arm,Chest|||Compression||
Pongo|Arm|Plast|Jug|||
Pongo|Arm|Plast||||
Pongo.Ateles|Arm|Panel|Corner|||
Pongo.Ateles|Arm|Panel|VerticalCorner(270)|||
Pongo.Ateles|Arm||Down|||
Pongo.Ateles|Arm||Lateral&ShoulderHeight|||
Pongo.Ateles|Arm||Up|||
Pongo.Ateles|Arm|||||
Pongo.Ateles||||||
Pongo.FingerHook|Arm|Plast|Jug|||
Pongo.FingerHook|Arm|Plast||||
Pongo.FingerHook|Arm<>|Plast|AwayFromKlimon|||
Pongo.FingerHook|Arm<>|Plast|Out|||
Pongo.FingerHook||Plast|Jug,AwayFromKlimon|||
Pongo.Match|Arm<>|Plast|Jug|||
Pongo.Match.FingerHook||||||
Pongo.Pinza||Prokline||||
Pongo.Pinza||Rekline||||
Pop|Arm|||||
Pop|Leg|Air||||
Pop|Leg|||||
Positioning||||Dynamic||
Positioning||||Static||
Positioning||||||
Posture||||Dynamic||
Posture||||Static||
Progress|Arm|Plast|Down|||
Progress|Arm|Plast|Down&CrossMidline|||
Progress|Arm|Plast||||
Progress|Arm||Arc|||
Progress|Arm||Cross|||
Progress|Arm||CrossArm|||
Progress|Arm||CrossArmAbove|||
Progress|Arm||CrossArmAboveAnterior|||
Progress|Arm||CrossArmAbovePosterior|||
Progress|Arm||CrossLeg|||
Progress|Arm||CrossMidline|||
Progress|Arm||Distal|||
Progress|Arm||Down|Deadpoint||
Progress|Arm||Down|||
Progress|Arm||Lateral|Deadpoint||
Progress|Arm||Lateral|||
Progress|Arm||Medial|||
Progress|Arm||Posterior|||
Progress|Arm||Radial|||
Progress|Arm||Slab||Balance|
Progress|Arm||Up|Deadpoint||
Progress|Arm||Up|||
Progress|Arm||Up&CrossArm|||
Progress|Arm|||||
Progress|Arm&Leg||Down|||
Progress|Arm<>||Asymmetric|Dynamic||
Progress|Leg|Ground|Down|||
Progress|Leg|Plast|Jug|||
Progress|Leg|Plast|Jug,Down|||
Progress|Leg|Plast||||
Progress|Leg|Volume|Up||Look.Site|
Progress|Leg||Arc|||
Progress|Leg||Cross|||
Progress|Leg||CrossArm|||
Progress|Leg||CrossLeg|||
Progress|Leg||CrossMidline|||
Progress|Leg||Distal|||
Progress|Leg||Down|Deadpoint||
Progress|Leg||Down|||
Progress|Leg||Lateral|Deadpoint||
Progress|Leg||Lateral|||
Progress|Leg||Medial|||
Progress|Leg||Posterior|||
Progress|Leg||Posterior&CrossMidline|||
Progress|Leg||Radial|||
Progress|Leg||Slab||Balance|
Progress|Leg||Up|Deadpoint||
Progress|Leg||Up&CrossMidline|||
Progress|Leg||||Hesitation,Look.Site|
Progress|Leg|||||
Progress|||Down|Deadpoint||
Progress|||Lateral|Deadpoint||
Progress|||Up|Deadpoint||
Progress|||[Over,Up]|Dynamic||
Progress|||[Over,Up]|||
Progress|||[Up,Over]|Dynamic||
Progress|||[Up,Over]|||
Progress||||AntiGravity||
Progress||||ProGravity||Fall Over
Progress|||||Blind|
Progress.Absorb.Ateles|Arm|Plast|Down|||
Progress.Ama.AnteriorSole|Leg|Volume|Down,Lateral|||
Progress.Ama.LateralRand|Leg|Panel|CrossMidline|||
Progress.Ama.Ursus|Arm|Panel|Down||Look.Site|
Progress.AnteriorSole|Leg|Plast|CrossMidline|||
Progress.AnteriorSole|Leg|Plast|Down||Look|
Progress.AnteriorSole|Leg|Plast|Down||Look.Site|
Progress.AnteriorSole|Leg|Plast|Up|||
Progress.AnteriorSole|Leg|Volume|Site.Large|||
Progress.AnteriorSole|Leg|Volume||||
Progress.AnteriorSole|Leg||Down||Look.Site|
Progress.AnteriorSole|Leg||Down|||
Progress.AnteriorSole|Leg||PosteriorCrossMidline||Look.Site|
Progress.AnteriorSole||||||
Progress.Ateles|>.Arm|||||
Progress.Ateles|Arm|Plast|Up&CrossMidline|||
Progress.Ateles|Arm|Plast||||
Progress.Ateles|Arm||CrossMidline|||
Progress.Ateles|Arm||Down|||
Progress.Ateles|Arm||Up&MaximumRange|||
Progress.Ateles|Arm|||Static||
Progress.Ateles|Arm|||||
Progress.FingerHook|Arm|Plast|Down|||
Progress.FingerHook|Arm|Plast|To.Klimon|||
Progress.FingerHook|Arm|Plast|Up|||
Progress.FingerHook|Arm|Plast||||
Progress.FingerHook|Arm||Down|||
Progress.FingerHook|Arm<>|Plast|Up|||
Progress.FingerHook|Arm<>|Plast|Up,Left|Dynamic||
Progress.FingerHook|Arm<>|||||
Progress.LateralSole|Leg|Plast|Anterior,Up|||
Progress.LateralSole|Leg|Plast|Up|||
Progress.LateralSole|Leg|Plast|Up&CrossMidline|||
Progress.LateralSole|Leg||||Look.Site|
Progress.Match|Arm<>|Plast|Jug|||
Progress.MedialSole|Leg|Plast|Down||Look|
Progress.MedialSole|Leg|Plast|Down|||
Progress.MedialSole|Leg|Plast|Posterior&Medial|||
Progress.MedialSole|Leg|Plast|Posterior&CrossMidline||Look.Site|
Progress.MedialSole|Leg|Plast|Up|||
Progress.MedialSole|Leg|Plast|Up&Anterior&Parallel.Klimon|||
Progress.MedialSole|Leg|Plast|Up&FromCrossMidline|||
Progress.MedialSole|Leg|Plast|Up,KneeHeight|||
Progress.MedialSole|Leg|Plast|Up,Lateral|||
Progress.MedialSole|Leg|Plast|||Look.Site|
Progress.MedialSole|Leg|Plast||||
Progress.MedialSole|Leg||Down|||
Progress.MedialSole|Leg||FromPosterior|||
Progress.MedialSole|Leg||Up&HipHeight|||
Progress.MedialSole|Leg|||||
Progress.MedialSole|Leg,Arm|Plast||||
Progress.Onda|Arm||Down&Medial|||
Progress.Onda.Ateles|Arm|Plast|Up|||
Progress.Sauros|Body|||||
Progress.Sauros|Torso|||||
Progress.Sauros||Prokline||||
Progress.Sauros||Rekline||||
Progress.Sauros||Vertikal||||
Progress.Sole|Leg|Ground|Down|||
Progress.Sole|Leg|Volume|Down|||
Progress.Sole|Leg|Volume|Up|||
Progress.Stab|Foot|||||
Progress.Stab|Hand|||||
Progress.Stab||||||
Progress.Stemming.Splits|||Anterior|||
Progress.Stemming.Splits|||Lateral|||
Progress.ToesSole|Leg|Plast|Down|||
Progress.ToesSole|Leg|Plast|Posterior|||
Progress.ToesSole|Leg|Plast|Up||Look.Site|
Progress.ToesSole|Leg|Plast||||
Progress.ToesSole|Leg|Volume|Down|||
Progress.ToesSole|Leg|Volume|Up|||
Progress.ToesSole|Leg|Volume||||
Protection.Insert||||||
Protection.Remove||||||
Protection.Test||||||
Pull|Arm|Plast|Into|||
Pull|Arm|Plast||||
Pull|Arm||Distal|||
Pull|Arm||Flexion|||
Pull|Arm||Medial|||
Pull|Arm||To.Kontakt|||
Pull|Arm||To.Plast|||
Pull|Arm|||||
Pull|Arm<>|Plast|Into.Klimon|||
Pull|Arm<>|Plast||||
Pull|Arm<>|||Dynamic||
Pull|Arm<>|||Static||
Pull|Leg||Distal|||
Pull|Leg||Medial|||
Pull|Leg|||||
Pull||||Dynamic||
Pull||||Static||
Pull||||||
Pull.Ateles|Arm|Plast|To.Kontakt|||
Pull.FingerHook|Arm|Plast|Lateral|||
Pull.FingerHook|Arm|Plast|To.Plast|||
Pull.FingerHook|Arm|Plast|Up|||
Pull.FingerHook|Arm|Plast||||
Pull.FingerHook|Arm<>|Plast|Into.Klimon|||
Pull.FingerHook|Arm<>|Plast|Jug,Into.Klimon|||
Pump|Arm|||||
Pump|Leg|||||
Pump||||||
Purga(Chalk).Drag||||||(Drag ?= Slide)
Purga(Chalk).Shake||||||(Shake != ShakeOut)
Push|Arm||Distal|||
Push|Arm||Medial|||
Push|Arm|||||
Push|Leg|||||
Push||||Dynamic||
Push||||Static||
Push||||||
Push.Ateles|Arm||Lateral|||
Push.Bonobo||Panel||||
Push.Bonobo|||Lateral|||
Push.Bonobo|||Up|||
Push.Smear|Arm.Palm|||||
Push.Smear|Hand|Klimon|AwayFrom.Klimon|||
Push.StickShifter|Arm|Volume|ObliquePyramidCorner|||
Quickdraw.Bonobo||||||
Quickdraw.Clip||||||
Recovery.Redirect||||||
Regress||||||
Release|Arm<>|Plast||||
Rest|Arm|||||
Rest|Leg|||||
Rest||Ground||||
Rest||Ledge||||
Rest||Prokline||||
Rest||Rekline||||
Rest|||Jug|||
Rest||||Dynamic||
Rest||||Static||
Rest.ShakeOut|Arm|||||
Rest.ShakeOut|Leg|||||
Rest.Sit||Ground||||
Rest.Stand||Ground||||
Rest.Swap.Shake|Arm||Hyper,Up&Down|Cycle|Hesitation|
Rest.Swap.Shake|Arm||Hypo,Up&Down|Cycle|Fear|
Rest.Swap.Shake|Arm||Up&Down|Cycle||
Rest.Toggle|Leg<>|||||
Roll|Body|||||
Roll|Finger|||||
Roll|Foot|Plast|Parallel.Klimon|||
Roll|Leg|Plast||||
Roll|Leg<>|Plast||Dynamic||
Roll|Wrist|||||
Roll.AnteriorSole|Leg|Plast|Medial|||
Roll.AnteriorSole|Leg|Plast||||
Roll.MedialSole|Leg|Plast|Parallel.Klimon|||
Rope.Ateles||||||
Rope.Bite||||||
Rope.Bonobo||||||
Rope.Knot||||||(Wrap(Rope) != Rope.Wrap())
Rope.Knot||||||
Rope.Knot.CowHitch||||||
Rope.Knot.Figure8Knot||||||
Rope.Knot.GirthHitch||||||
Rope.Knot.GrannyKnot||||||
Rope.Knot.Hitch||||||
Rope.Knot.StopperKnot||||||
Rope.Pendulate.Harness.Sit||||||
Rope.RodeoClip||||||
Rope.Slide||||||
Route|Pumped|||Duration|Event|
Route|||Height|||
Route|||Height(10%)|Duration||
Route|||Height(100%)|Duration||
Route|||Height(20%)|Duration||
Route|||Height(30%)|Duration||
Route|||Height(40%)|Duration||
Route|||Height(50%)|Duration||
Route|||Height(60%)|Duration||
Route|||Height(70%)|Duration||
Route|||Height(80%)|Duration||
Route|||Height(90%)|Duration||
Route|||Length|||
Route|||Length(10%)|Duration||
Route|||Length(100%)|Duration||
Route|||Length(20%)|Duration||
Route|||Length(30%)|Duration||
Route|||Length(40%)|Duration||
Route|||Length(50%)|Duration||
Route|||Length(60%)|Duration||
Route|||Length(70%)|Duration||
Route|||Length(80%)|Duration||
Route|||Length(90%)|Duration||
Route|||Minimum|Duration||
Route|||Width|||
Route|||Width(10%)|||
Route|||Width(100%)|||
Route|||Width(20%)|||
Route|||Width(30%)|||
Route|||Width(40%)|||
Route|||Width(50%)|||
Route|||Width(60%)|||
Route|||Width(70%)|||
Route|||Width(80%)|||
Route|||Width(90%)|||
Route||||Duration||
Route.Abort||||||
Route.Difficulty||||||
Route.Error,ChickenWing|Fatigue|||Countdown||
Route.Error,ChickenWing|Fatigue|||LongTime||
Route.Execution||||||
Route.Finish||||||
Route.OneHanded||Klimon|Vertical|LeadingWithHips||
Route.OneHanded||Klimon|Vertical|||
Route.OneHanded|||Vertical|||
Route.OneHanded||||||
Route.OneHanded,DoubleProgress|Leg<>|||||
Route.OneHanded,DoubleProgress.Tandem|[Arm,Leg]||Vertical|||
Route.OneHanded,Twist|Torso||To.Perpendicular.Klimon|||
Route.Rule.OneHanded||||||
Route.Start||||||
Route.Start.Run||||||
Route.TimeLimit||||Countdown|Fear|
Route.TimeLimit||||Countdown|Joy|Pleasantly surprised about how much time you have left
Route.TimeLimit||||Countdown||
Row|Arm|Plast||||
Run||Prokline|Up|||
Run|||Anterior|||
Run|||Parallel.Klimon|||
Run|||Perpendicular.Klimon|||
Sauros|Body|||||Lateral Flexion of Torso while Progressing with other side's arm
Sauros|Body|||||Sauros implies Progress
Sauros|Body|||||
Sauros|Torso|||||
Sauros||Prokline||||
Sauros||Rekline||||
Sauros||Vertikal||||
Sauros.Iguana||||||
Sauros.Pivot.AnteriorSole|Leg|Plast||||
Screw|||Clockwise|||
Screw|||Counterclockwise|||
Set.Route||||||
Set.Route.Blok||||||
Set.Route.Lead||||||
Setting,Driver||||||
Shake|Arm||Circumduction,Down|Slow||
Shake|Arm||Circumduction,Rotation|||
Shake|Arm||Circumduction,Up|Slow||
Shake|Arm||Down|Slow||
Shake|Arm||Rotation|||
Shake|Arm||Up|Slow||
Shake|Leg||Circumduction,Down|Slow||
Shake|Leg||Circumduction,Rotation|||
Shake|Leg||Circumduction,Up|Slow||
Shake|Leg||Rotation|||
Shake.Onda|Arm|||||
Shake.Onda|Leg|||||
Sit||Ground||||
Sit||Ledge||||
Sit.Straddle||||||
Slide|Elbow|||||
Slide|Finger|||||
Slide|Foot|||||
Slide|Hand|||||
Slide|Knee|||||
Slide.LateralSole|Leg|Panel||||
Slide.LateralSole|Leg|Plast||||
Slide.MedialSole|Leg|Panel||||
Slide.MedialSole|Leg|Plast||||
Sling.GirthHitch||||||
Sling.Knot||||||
Slot|Arm|||||
Slot|Body|PocketSite|Passage|||
Slot|Body||Passage,Sideways|||"Betanym(""between"")"
Slot|Leg|||||
Smear|Chin|||||
Smear|Cranium|||||
Smear|Foot|Plast|Slab|||
Smear|Foot|Prokline|Slab|||
Smear|Foot||Slab|||
Smear|Hand|Horizontal&Corner|Slab|||
Smear|Hand|Panel|Slab|||
Smear|Hand|Plast|Slab|||
Smear|Hand|Prokline|Slab|||
Smear|Hand|Vertical&Corner|Slab|||
Smear|Hand|Volume|Slab|||
Smear|Hand|||||
Smear|Hand<>|Volume|Slab|||
Smear|Head|||||
Smear|Hip|||||
Smear|Leg|||||
Smear||||||
Splits|Leg<>||Anterior|||
Splits|Leg<>||Lateral|||
Splits|||Anterior|||
Splits.LateralSole|Leg<>||Anterior|||
Splits.LateralSole|Leg<>||Lateral|||
Splits.MedialSole|Leg<>||Anterior|||
Splits.MedialSole|Leg<>||Lateral|||
Spotting||||Dynamic||
Spotting||||Static||
Spotting||||||
Stack|2Finger|||||
Stack|3Finger|||||
Stack|4Finger|||||
Stack|Arm|||||
Stack|Body|||||
Stack|Finger|||||
Stack|Hand|||||
Stack|Leg|||||
Stack|Spine|||||
Stack||||||
Stall|Arm|||||
Stall|Leg|||||
Stand||||||
Standing||Ground||||
Start.Jump|||Lateral|||
Start.Jump|||Posterior|||
Start.Jump||||||
Start.Jump.Amble||||||
Start.Jump.Match||||||
Start.Pongo.Ateles|Arm<>|Plast|AwayFrom.Klimon|||
Start.Progress.AnteriorSole|Leg|Volume|Up|||
Start.Progress.Ateles|Arm<>|Plast|Up|||
Start.Run||||||
Stemming|Arm||Posterior|||
Stemming|Arm|||||
Stemming|Body|||||
Stemming|Hand||Roll|||
Stemming|Leg|||||
Stemming||Dihedral||||
Stemming.Splits|||Lateral|||
Straddle||||||
Straddle.RockOver|Leg<>|||||
Style.Flow||||Smooth,Dynamic||
Style.Static||||Smooth,Static||
Suspend|Arm|||||
Suspend|Leg|||||
Suspend.FingerHook|Arm|Plast||||
Suspend.FingerHook|Arm<>|Plast|Out|||
Swap|Arm<>|Plast||||
Swap|Arm<>||||Blind|
Swap|Finger|||||
Swap|Foot|Hop||||
Swap|Foot|||||
Swap|Foot,Hand|||||
Swap|Foot.Heel,Hand|||||
Swap|Foot.Toe,Hand||Jug|||
Swap|Foot.Toe,Hand|||||
Swap|Hand|||||
Swap|Hand&Foot|||||
Swap|Hand&Head|||||
Swap|Hand&Heel|||||
Swap|Hand&Hip|||||
Swap|Hand&Knee|||||
Swap|Hand&Toe|||||
Swap|Head&Hand|||||
Swap|Heel&Hand|||||
Swap|Hip&Hand|||||
Swap|Knee&Hand|||||
Swap|Leg<>|Plast|||Look|
Swap|Leg<>||||Blind|
Swap|ShoulderHand|||||
Swap|[Hand,Toe]|||||[] SquareBrackets are for sequences since they are indexed
Swap|[Toe,Hand]|||||
Swap||||Dynamic||
Swap||||Static||
Swap||||||
Swap,Crimp|Foot.Toe,Hand|||||
Swap.FingerHook|Arm<>|Plast||||
Swap.Overlap|Foot<>|||||
Swap.Roll|Foot,Hand|||||
Swap.Shake|Arm||Up&Down|Cycle||
Swap.Smear|Foot|||||
Swing|||Forward|||
Swing||||Initiation||
Tangent|Arm|||||
Tangent|Leg|||||
Task.Abort||||||
Task.Abort.Drop||||||
Task.Abort.Fall||||||
Tendu|Arm<>||Compression|||
Tendu&Kontakt.HeelSole|Arm&Leg||Compression|||
Tendu&Kontakt.MedialSole|Arm&Leg||Compression|||
Tendu&Kontakt.UpperRubber|Arm&Leg||Compression|||
Tendu&Pongo|Arm<>||Compression|||
Toggle|Arm||Anterior|||
Toggle|Arm||Down|||
Toggle|Arm||Lateral|||
Toggle|Arm||Up|||
Toggle|Leg|Plast|Lateral|||
Toggle|Leg|Plast||||
Toggle|Leg||Anterior|||
Toggle|Leg||Down|||
Toggle|Leg||Lateral|||
Toggle|Leg||Up|||
Organon|||Site|||
Organon||||Dynamic||
Organon||||Static||
Organon.|||Site|||
Organon.Handle|||Site|||
Organon.Kit||||||
Organon.Kontakt|||Site|||
Organon.Repair||||||
Organon.Transport||||||
Top,Match|Arm<>|Plast||||
TopOut||Surface.Polished|High|Dynamic|Fear|
TopOut|||High|Dynamic|Fear|High is relative. 'High' is not Absolute. High is Affordance
TopOut,Foka||Panel|Vertical|||
TopOut,Foka||Panel||||
TopOut,Foka|||Anterior|||
TopOut,Foka||||||
TopOut.Mantle||||||
TopOut.MuscleUp||||||
TopRope,Harness.Sit||||||
TopRope,Rope||||||
Translate|Body||Parallel.Klimon|||
Twist|Arm|||||
Twist|Body||To.Site|||
Twist|Hips||To.Perpendicular|||
Twist|Leg|||||
Twist|Torso||To.Klimon|||
Twist||||Initiation||
Twist.Kryos|Arm<>&Leg|||||
Wave|Body||Backswing|||
Wave|Body|||||
Webbing.Knot.||||||
Whip|Arm||AwayFrom.Klimon|||
Whip|Arm||Into.Klimon|||
Whip|Arm||Over|||
Whip|Arm||Up|||
Whip|Arm|||||
Whip|Body|||||
Whip|Leg|Twist||||
Whip|Leg||Down|||
Whip|Leg||Into.Klimon|||
Whip|Leg||Over|||
Whip|Leg|||||
Wrap|Arm|Pole||||
Wrap|Arm|Rope||||
Wrap|Arm|Tree||||
Wrap|Arm|||||
Wrap|Arm(Leg)|||||
Wrap|Leg|||||
Wrap|Leg(Arm)|||||
Wrap|Thumb|||||
Wrap(Collar)|Thumb|||||
Wrap(Rope)|Thumb|||||
[Absorb,Pongo,Release]|Arm||Down|||
[Absorb,Pongo].Ateles|Arm|Plast||||
[Absorb,Pongo].Ateles|Arm|||||
[Ama,Progress.Ateles]|Arm|Panel|Up&CrossMidline|||
[Ama.Smear,Absorb]|Arm.Palm|Klimon|To.Klimon|||
[Bump,Absorb.Ateles]|Arm|Plast||||
[Iguana,Lift]|Leg||Lateral|||
[Iguana,Lift].MedialSole|Leg|Plast|Up|||
[Iguana,Lift].MedialSole|Leg||Up&Lateral|||
[Iguana,Lift].MedialSole|Leg|||||
[Iguana,Lift].Roll.MedialSole|Leg|||||
[Iguana,Toggle]|Leg|Plast|Lateral|||
[Iguana.Roll,Toggle].MedialSole|Leg||[In,Lateral]|||
[Kangaroo,Onda]|Leg||Lateral|||
[Kangaroo.AnteriorSole,Progress.MedialSole,Iguana.MedialSole]|Leg||[Up,Up,Lateral]|||
[Kryos,Pull]||||Dynamic||
[Kryos,Pull]||||Static||
[Kryos,Push]||||Dynamic||
[Kryos,Push]||||Static||
[Lift,Pivot]|Leg||[Up,Medial]|||
[Modify,Pull.Ateles]|Arm|||||
[MuscleUp,Progress.Match|Arm<>||MaximumHeight|||
[Pendulate,Pull,Progress].Ateles|Arm||[Medial,To.Kontakt,Up]|Deadpoint||
[Pendulate.Pongo.Ateles,Pull]|Arm||Up&To.Kontakt|||
[Pongo,Progress].Ateles|Arm|Plast|Down|||
[Pongo,Pull].Ateles|Arm|Plast|Jug|||
[Progress,Match]|Arm||Down|||
[Progress.AnteriorSole,Pivot.AnteriorSole]|Leg|Plast|Down&Lateral|||
[Progress.LateralSole,Pivot]|Leg|||||
[Pull,Absorb.Pendulate,Pongo].Ateles|Arm|Plast|[To.Klimon,Lateral]|||
[Pull,Pendulate.Progress].Ateles|Arm||To.[Medial,Lateral,Up]|Deadpoint||
[Pull,Progress,Absorb].Ateles|Arm||[In,Down,Down]|[Deadpoint,Gravity]||
[Pull,Progress.Ateles]|Arm||To.Klimon|||
[Pull,Progress.Ateles]|Arm||[To.Klimon,Down]|||
[Pull,Progress].Ateles|Arm|Plast|To.Klimon&Up|Deadpoint||
[Pull,Progress].Match|Arm<>|Plast|Jug,Down|Deadpoint||
[RockOverToggle]|Arm|||||
[Shake,Chalk.Slap]|Arm|||||
[Shake,Chalk.Slap]|Arm<>|||||
[Suspend,Pull]|Arm|||||
|Arm|Air||||
|Arm||Abduction|||
|Arm||Abduction,Horizontal|||
|Arm||Abduction,Vertical|||
|Arm||Above.Shoulder|||
|Arm||Align|||
|Arm||Back|Swing||
|Arm||Below.Shoulder|Dynamic||
|Arm||Below.Shoulder|Static||
|Arm||Below.Shoulder|||
|Arm||Circumduction|||
|Arm||ConcentricExtension|||
|Arm||ConcentricFlexion|||
|Arm||EccentricExtension|||
|Arm||EccentricFlexion|||
|Arm||Extension|Dynamic||
|Arm||Extension|Static||
|Arm||Extension|||
|Arm||Extension,Down|Dynamic||
|Arm||Extension,Down|Static||
|Arm||ExternalRotation|||
|Arm||IsometricContraction|||
|Arm||Rotation|||
|Arm||Slot|||
|Arm||Tangent|||
|Arm|||||
|Arm,Chest|||Compression||
|Arm,Leg||Vertical|Compression||
|Arm,Leg|||Compression||Bicycle move
|Arm,Leg|||Compression||
|Arm<>|Plast||||The right side is pulling along like a watts engine. Torso lateral flexion adds extra energy
|Arm<>|||||
|Body||Align|||
|Body||Circumduction|||
|Body||ClockwiseTwist|||
|Body||CounterclockwiseTwist|||
|Body||MaximumHeight|||
|Body||Twist|||
|Body|||Lever||
|Elbow||Neutral|||
|Finger||Abduction|||
|Finger||EccentricExtension|||
|Finger||EccentricFlexion|||
|Finger||Extension|||
|Finger|||Lock||
|Finger|||Nudge||
|Foot||Above.Shoulder|||
|Foot||Below.Hip|||
|Foot||Pronation|||
|Foot||Roll|Swap||
|Foot||Roll|||
|Foot||Rotation|||
|Foot||Slot|||
|Foot||Supination|||
|Foot|||Nudge||
|Hand||Above.Shoulder|||
|Hand||Below.Shoulder|||
|Hand||Deviation|||
|Hand||Pronation|||
|Hand||Rotation|||
|Hand||Supination|||
|Hand||UlnarDeviation|||
|Hand|||Nudge||
|Hip||ConcentricFlexion|||
|Hip||EccentricFlexion|||
|Hips||To.Klimon|||
|Hips&Shoulder||Perpendicular.Klimon|||
|Leg|Plast|Adduction|||
|Leg||Abduction|||
|Leg||Abduction,Horizontal|||
|Leg||Abduction,Vertical|||
|Leg||Align|||
|Leg||AroundPassage(Circumduction)|||
|Leg||Circumduction|||
|Leg||Extension|Dynamic||
|Leg||Extension|Static||
|Leg||Extension|||
|Leg||Extension,Medial|Dynamic||
|Leg||Extension,Medial|Static||
|Leg||Extension,Up|Dynamic||
|Leg||Extension,Up|Static||
|Leg||IsometricContraction|||
|Leg||Rotation|||
|Leg||Rotation.Medial|||(Rotation.Medial != Rotation&Medial)
|Leg||Tangent|||
|Leg||Up|Progress||
|Leg||Up|Whip||
|Leg|||Compression||
|Leg|||Lever||
|Leg|||Lock||
|Leg<>|||||
|Neck||Extension||Look|
|Neck||Flexion|||
|Radial||Deviation|||
|ReciprocalInhibition|||Dynamic||
|ReciprocalInhibition|||Static||
|Scapula||Depression|||
|Scapula||Down,Rotation|||
|Scapula||Elevation|||
|Scapula||Protraction|||
|Scapula||Retraction|||
|Scapula||Up,Rotation|||
|Shoulders|Plast|Perpendicular.Klimon|||
|Spine||Align|||
|Spine||Extension|Dynamic||
|Spine||Extension|Static||
|Spine||Extension|||
|Spine||Extension,Lateral|Dynamic||
|Spine||Extension,Lateral|Static||
|Thumb||Abduction,|||
|Thumb||Flexion|||
|Torso|Klimon|Parallel|||
|Torso|Klimon|Parallel.Klimon|||
|Torso|Klimon|Perpendicular.Klimon|||
|Torso||Flexion&Parallel.Klimon|||
|Torso||Parallel.Klimon|||
|Torso||Parallel.Klimon|||
|Torso||Perpendicular.Klimon|||
|Torso|||||
|Volume|Plast,|Jug|||
|Wrist||Neutral|||
||Klimon|Align.Parallel|||
||Klimon|Align.Perpendicular|||
||Plast|Up||Look.Site|
||Vertikal|Vertical|||
|||Abduction|Dynamic||
|||Abduction|Static||
|||Abduction|||
|||Accurate|||
|||Align|||
|||Align,Line|||
|||Align,Point|||
|||Align,Shape|||
|||Angular,Deflection|||
|||Anterior|Deadpoint||
|||Asymmetric|Dynamic||
|||Asymmetric|Static||
|||Asymmetric,Horizontal|||
|||Asymmetric,Vertical|||
|||Circumduction,Horizontal|||
|||Circumduction,Vertical|||
|||Deflection|||
|||Diagonal|Deadpoint||
|||Diagonal|Dyno||
|||Distal|||
|||Down|Deadpoint||
|||Down|Dynamic||
|||Down|Passive,Dynamic||
|||Down|Passive,Static||
|||Down||Look|
|||Down||Look.Site|
|||Down|||
|||Down&Posterior||Look|
|||Flexion|Dynamic||
|||Flexion|Static||
|||Horizontal|Deadpoint||
|||Horizontal|Dyno||
|||Isometric,Contraction|||
|||Lateral|Deadpoint||
|||Lateral|Dynamic||
|||Lateral|Static||
|||Lateral||Look|
|||Lateral|||
|||Medial|||
|||Optimize|Friction||
|||Optimize|Friction,Dynamic||
|||Optimize|Friction,Static||
|||Optimize,To.Parallel)|||
|||Optimize,To.Perpendicular)|||
|||OverThenUp|Deadpoint||
|||Position|||
|||Posterior|Deadpoint||
|||Posterior|Dyno||
|||Posterior||Look|
|||Precise|Dynamic||
|||Precise|Static||
|||Precise|||
|||Proximal|||
|||Rotation|||
|||Slab||Balance|
|||Slot|Dynamic||
|||Slot|Static||
|||Slot|||
|||Symmetric|Dynamic||
|||Symmetric|Static||
|||Symmetric|||
|||Tangent|||
|||To.Stand)|||
|||Twist|Dynamic||
|||Twist|Static||
|||Twist|||
|||Twist,Deflection|||
|||Up|Passive,Dynamic||
|||Up|Passive,Static||
|||Up||Look|
|||UpThenOver|Deadpoint||
|||Vertical|Deadpoint||
|||Vertical|Dynamic||
|||Vertical|Dyno||
|||Vertical|Static||
|||While(Twist)|||
||||Passive,Gravity||
||||Static||
||||||Gaston
||||||Layback
||||||Twistlock
